Round,Combination,Timeframe,Best Rank,Locked Filters,Factor,Operator,Threshold Value,Filter,60,120,180,365,730,Baseline,Score,Improvement %,Trades,Coverage,Win Rate,Avg Return
1,VWAP_Distance + Previous_Day_Return + Gap,60 Min,10,,VWAP_Distance,>,-0.5258,VWAP_Distance>-0.5258,0.223,0.161,0.086,0.007,-0.084,0.123,0.145,17.55,36,3.28,63.89,0.223
1,VWAP_Distance + Previous_Day_Return + Gap,60 Min,10,,VWAP_Distance,>,-0.386,VWAP_Distance>-0.386,0.218,0.157,0.082,0.005,-0.071,0.123,0.141,14.37,34,3.28,61.76,0.218
1,VWAP_Distance + Previous_Day_Return + Gap,60 Min,10,,VWAP_Distance,>,-0.3068,VWAP_Distance>-0.3068,0.218,0.162,0.094,0.013,-0.067,0.123,0.146,18.32,34,3.49,61.76,0.218
1,VWAP_Distance + Previous_Day_Return + Gap,60 Min,10,,VWAP_Distance,>,-0.2523,VWAP_Distance>-0.2523,0.175,0.148,0.084,0.004,-0.077,0.123,0.123,0.03,33,3.6,60.61,0.175
1,VWAP_Distance + Previous_Day_Return + Gap,60 Min,10,,VWAP_Distance,>,-0.2064,VWAP_Distance>-0.2064,0.177,0.149,0.083,-0.002,-0.084,0.123,0.123,-0.02,31,3.61,61.29,0.177
1,VWAP_Distance + Previous_Day_Return + Gap,60 Min,10,,VWAP_Distance,>,-0.1678,VWAP_Distance>-0.1678,0.177,0.157,0.097,0.007,-0.084,0.123,0.13,5.51,31,3.84,61.29,0.177
1,VWAP_Distance + Previous_Day_Return + Gap,60 Min,10,,VWAP_Distance,>,-0.13,VWAP_Distance>-0.13,0.198,0.179,0.108,0.02,-0.08,0.123,0.147,19.88,29,3.85,65.52,0.198
1,VWAP_Distance + Previous_Day_Return + Gap,60 Min,10,,VWAP_Distance,>,-0.0972,VWAP_Distance>-0.0972,0.179,0.155,0.093,0.014,-0.087,0.123,0.13,5.54,28,4.01,64.29,0.179
1,VWAP_Distance + Previous_Day_Return + Gap,60 Min,10,,VWAP_Distance,>,-0.0635,VWAP_Distance>-0.0635,0.102,0.135,0.087,0.017,-0.085,0.123,0.096,-21.8,26,4.01,61.54,0.102
1,VWAP_Distance + Previous_Day_Return + Gap,60 Min,10,,VWAP_Distance,>,-0.0274,VWAP_Distance>-0.0274,0.101,0.136,0.082,0.011,-0.088,0.123,0.094,-23.26,24,4.2,62.5,0.101
1,VWAP_Distance + Previous_Day_Return + Gap,60 Min,10,,VWAP_Distance,<,0.0074,VWAP_Distance<0.0074,0.218,0.16,0.111,0.028,-0.039,0.123,0.151,22.59,21,3.31,61.9,0.218
1,VWAP_Distance + Previous_Day_Return + Gap,60 Min,10,,VWAP_Distance,<,0.0454,VWAP_Distance<0.0454,0.2,0.124,0.075,-0.009,-0.065,0.123,0.121,-1.95,24,3.48,62.5,0.2
1,VWAP_Distance + Previous_Day_Return + Gap,60 Min,10,,VWAP_Distance,<,0.0835,VWAP_Distance<0.0835,0.177,0.162,0.103,0.016,-0.051,0.123,0.134,8.57,27,3.6,59.26,0.177
1,VWAP_Distance + Previous_Day_Return + Gap,60 Min,10,,VWAP_Distance,<,0.1241,VWAP_Distance<0.1241,0.151,0.125,0.065,-0.003,-0.064,0.123,0.103,-16.35,28,3.48,57.14,0.151
1,VWAP_Distance + Previous_Day_Return + Gap,60 Min,10,,VWAP_Distance,<,0.1664,VWAP_Distance<0.1664,0.146,0.112,0.054,-0.014,-0.08,0.123,0.094,-23.87,29,3.39,58.62,0.146
1,VWAP_Distance + Previous_Day_Return + Gap,60 Min,10,,VWAP_Distance,<,0.216,VWAP_Distance<0.216,0.134,0.104,0.05,-0.017,-0.072,0.123,0.086,-30.24,32,3.47,56.25,0.134
1,VWAP_Distance + Previous_Day_Return + Gap,60 Min,10,,VWAP_Distance,<,0.2731,VWAP_Distance<0.2731,0.11,0.07,0.024,-0.025,-0.07,0.123,0.061,-50.49,33,3.36,54.55,0.11
1,VWAP_Distance + Previous_Day_Return + Gap,60 Min,10,,VWAP_Distance,<,0.3524,VWAP_Distance<0.3524,0.146,0.081,0.022,-0.028,-0.073,0.123,0.075,-38.63,35,3.39,57.14,0.146
1,VWAP_Distance + Previous_Day_Return + Gap,60 Min,10,,VWAP_Distance,<,0.4995,VWAP_Distance<0.4995,0.154,0.081,0.029,-0.024,-0.069,0.123,0.08,-34.67,37,3.39,59.46,0.154
1,VWAP_Distance + Previous_Day_Return + Gap,60 Min,10,,Previous_Day_Return,>,-0.4617,Previous_Day_Return>-0.4617,0.165,0.152,0.1,0.004,-0.071,0.123,0.124,0.83,38,3.46,60.53,0.165
1,VWAP_Distance + Previous_Day_Return + Gap,60 Min,10,,Previous_Day_Return,>,-0.3387,Previous_Day_Return>-0.3387,0.165,0.152,0.1,0.004,-0.071,0.123,0.124,0.98,38,3.62,60.53,0.165
1,VWAP_Distance + Previous_Day_Return + Gap,60 Min,10,,Previous_Day_Return,>,-0.2697,Previous_Day_Return>-0.2697,0.154,0.168,0.112,0.018,-0.067,0.123,0.129,5.19,37,3.7,59.46,0.154
1,VWAP_Distance + Previous_Day_Return + Gap,60 Min,10,,Previous_Day_Return,>,-0.2118,Previous_Day_Return>-0.2118,0.168,0.145,0.083,0.005,-0.063,0.123,0.12,-2.72,36,3.77,61.11,0.168
1,VWAP_Distance + Previous_Day_Return + Gap,60 Min,10,,Previous_Day_Return,>,-0.1657,Previous_Day_Return>-0.1657,0.162,0.153,0.101,0.006,-0.072,0.123,0.123,0.37,34,3.78,58.82,0.162
1,VWAP_Distance + Previous_Day_Return + Gap,60 Min,10,,Previous_Day_Return,>,-0.1279,Previous_Day_Return>-0.1279,0.162,0.15,0.109,0.01,-0.065,0.123,0.125,1.6,34,3.94,58.82,0.162
1,VWAP_Distance + Previous_Day_Return + Gap,60 Min,10,,Previous_Day_Return,>,-0.0941,Previous_Day_Return>-0.0941,0.174,0.156,0.114,0.022,-0.06,0.123,0.134,8.93,31,3.85,61.29,0.174
1,VWAP_Distance + Previous_Day_Return + Gap,60 Min,10,,Previous_Day_Return,>,-0.0636,Previous_Day_Return>-0.0636,0.208,0.179,0.122,0.019,-0.068,0.123,0.154,24.88,29,3.82,62.07,0.208
1,VWAP_Distance + Previous_Day_Return + Gap,60 Min,10,,Previous_Day_Return,>,-0.0327,Previous_Day_Return>-0.0327,0.211,0.122,0.093,-0.001,-0.079,0.123,0.129,4.91,25,3.54,64.0,0.211
1,VWAP_Distance + Previous_Day_Return + Gap,60 Min,10,,Previous_Day_Return,>,-0.0058,Previous_Day_Return>-0.0058,0.218,0.124,0.083,-0.007,-0.085,0.123,0.129,5.01,24,3.64,62.5,0.218
1,VWAP_Distance + Previous_Day_Return + Gap,60 Min,10,,Previous_Day_Return,>,0.0166,Previous_Day_Return>0.0166,0.218,0.118,0.075,-0.02,-0.083,0.123,0.124,0.67,24,3.97,62.5,0.218
1,VWAP_Distance + Previous_Day_Return + Gap,60 Min,10,,Previous_Day_Return,>,0.0426,Previous_Day_Return>0.0426,0.218,0.118,0.071,-0.018,-0.08,0.123,0.123,0.2,24,4.41,62.5,0.218
1,VWAP_Distance + Previous_Day_Return + Gap,60 Min,10,,Previous_Day_Return,>,0.0746,Previous_Day_Return>0.0746,0.202,0.177,0.111,-0.001,-0.046,0.123,0.146,18.81,22,4.46,59.09,0.202
1,VWAP_Distance + Previous_Day_Return + Gap,60 Min,10,,Previous_Day_Return,<,0.1054,Previous_Day_Return<0.1054,0.159,0.128,0.073,0.011,-0.094,0.123,0.11,-10.47,20,2.81,55.0,0.159
1,VWAP_Distance + Previous_Day_Return + Gap,60 Min,10,,Previous_Day_Return,<,0.14,Previous_Day_Return<0.14,0.234,0.215,0.101,0.018,-0.095,0.123,0.169,37.74,24,3.1,58.33,0.234
1,VWAP_Distance + Previous_Day_Return + Gap,60 Min,10,,Previous_Day_Return,<,0.185,Previous_Day_Return<0.185,0.227,0.23,0.125,0.023,-0.082,0.123,0.177,43.91,31,3.69,64.52,0.227
1,VWAP_Distance + Previous_Day_Return + Gap,60 Min,10,,Previous_Day_Return,<,0.2425,Previous_Day_Return<0.2425,0.22,0.216,0.119,0.018,-0.075,0.123,0.168,36.72,32,3.55,62.5,0.22
1,VWAP_Distance + Previous_Day_Return + Gap,60 Min,10,,Previous_Day_Return,<,0.3158,Previous_Day_Return<0.3158,0.187,0.16,0.088,0.003,-0.073,0.123,0.132,6.91,37,3.75,62.16,0.187
1,VWAP_Distance + Previous_Day_Return + Gap,60 Min,10,,Previous_Day_Return,<,0.458,Previous_Day_Return<0.458,0.187,0.193,0.113,0.016,-0.068,0.123,0.148,20.44,37,3.5,62.16,0.187
1,VWAP_Distance + Previous_Day_Return + Gap,60 Min,10,,Gap,>,-1.0075,Gap>-1.0075,0.167,0.135,0.078,-0.002,-0.081,0.123,0.114,-7.1,37,3.43,59.46,0.167
1,VWAP_Distance + Previous_Day_Return + Gap,60 Min,10,,Gap,>,-0.5715,Gap>-0.5715,0.168,0.123,0.068,-0.004,-0.071,0.123,0.109,-11.73,35,3.52,60.0,0.168
1,VWAP_Distance + Previous_Day_Return + Gap,60 Min,10,,Gap,>,-0.3735,Gap>-0.3735,0.171,0.124,0.068,-0.007,-0.079,0.123,0.11,-10.89,34,3.7,58.82,0.171
1,VWAP_Distance + Previous_Day_Return + Gap,60 Min,10,,Gap,>,-0.2424,Gap>-0.2424,0.181,0.156,0.079,0.003,-0.069,0.123,0.126,2.83,32,3.74,59.38,0.181
1,VWAP_Distance + Previous_Day_Return + Gap,60 Min,10,,Gap,>,-0.1436,Gap>-0.1436,0.181,0.139,0.06,-0.008,-0.087,0.123,0.116,-5.85,32,4.07,59.38,0.181
1,VWAP_Distance + Previous_Day_Return + Gap,60 Min,10,,Gap,>,-0.0708,Gap>-0.0708,0.163,0.137,0.056,-0.008,-0.091,0.123,0.108,-12.03,30,4.14,56.67,0.163
1,VWAP_Distance + Previous_Day_Return + Gap,60 Min,10,,Gap,>,-0.0137,Gap>-0.0137,0.163,0.155,0.069,-0.002,-0.087,0.123,0.117,-4.97,30,4.4,56.67,0.163
1,VWAP_Distance + Previous_Day_Return + Gap,60 Min,10,,Gap,>,0.0052,Gap>0.0052,0.164,0.146,0.056,-0.003,-0.082,0.123,0.112,-8.95,28,4.49,57.14,0.164
1,VWAP_Distance + Previous_Day_Return + Gap,60 Min,10,,Gap,>,0.0543,Gap>0.0543,0.211,0.127,0.033,-0.02,-0.094,0.123,0.116,-5.9,27,4.66,59.26,0.211
1,VWAP_Distance + Previous_Day_Return + Gap,60 Min,10,,Gap,>,0.1041,Gap>0.1041,0.229,0.1,-0.03,-0.059,-0.11,0.123,0.096,-22.3,22,4.01,59.09,0.229
1,VWAP_Distance + Previous_Day_Return + Gap,60 Min,10,,Gap,>,0.1565,Gap>0.1565,0.28,0.121,-0.004,-0.045,-0.11,0.123,0.127,3.03,20,3.93,65.0,0.28
1,VWAP_Distance + Previous_Day_Return + Gap,60 Min,10,,Gap,>,0.2154,Gap>0.2154,0.28,0.121,0.001,-0.032,-0.108,0.123,0.13,5.4,20,4.25,65.0,0.28
1,VWAP_Distance + Previous_Day_Return + Gap,60 Min,10,,Gap,<,0.2792,Gap<0.2792,0.106,0.197,0.165,0.029,-0.052,0.123,0.134,8.79,21,2.91,61.9,0.106
1,VWAP_Distance + Previous_Day_Return + Gap,60 Min,10,,Gap,<,0.3448,Gap<0.3448,0.067,0.151,0.136,0.019,-0.069,0.123,0.099,-19.67,23,2.93,56.52,0.067
1,VWAP_Distance + Previous_Day_Return + Gap,60 Min,10,,Gap,<,0.4227,Gap<0.4227,0.067,0.129,0.098,-0.008,-0.096,0.123,0.08,-34.57,23,2.74,56.52,0.067
1,VWAP_Distance + Previous_Day_Return + Gap,60 Min,10,,Gap,<,0.5189,Gap<0.5189,0.081,0.133,0.073,-0.013,-0.095,0.123,0.081,-34.24,25,2.82,60.0,0.081
1,VWAP_Distance + Previous_Day_Return + Gap,60 Min,10,,Gap,<,0.6289,Gap<0.6289,0.194,0.174,0.093,-0.002,-0.091,0.123,0.138,12.35,30,3.21,63.33,0.194
1,VWAP_Distance + Previous_Day_Return + Gap,60 Min,10,,Gap,<,0.7939,Gap<0.7939,0.138,0.1,0.05,-0.017,-0.098,0.123,0.086,-30.29,35,3.5,60.0,0.138
1,VWAP_Distance + Previous_Day_Return + Gap,60 Min,10,,Gap,<,1.166,Gap<1.166,0.15,0.12,0.064,-0.007,-0.09,0.123,0.1,-18.38,36,3.36,61.11,0.15
2,VWAP_Distance + Previous_Day_Return + Gap,60 Min,10,Previous_Day_Return<0.185,VWAP_Distance,>,-0.5258,VWAP_Distance>-0.5258,0.227,0.234,0.115,0.017,-0.087,0.177,0.175,-1.06,31,3.79,64.52,0.227
2,VWAP_Distance + Previous_Day_Return + Gap,60 Min,10,Previous_Day_Return<0.185,VWAP_Distance,>,-0.386,VWAP_Distance>-0.386,0.234,0.238,0.116,0.018,-0.076,0.177,0.179,1.12,30,3.88,63.33,0.234
2,VWAP_Distance + Previous_Day_Return + Gap,60 Min,10,Previous_Day_Return<0.185,VWAP_Distance,>,-0.3068,VWAP_Distance>-0.3068,0.234,0.248,0.136,0.03,-0.071,0.177,0.188,6.12,30,4.1,63.33,0.234
2,VWAP_Distance + Previous_Day_Return + Gap,60 Min,10,Previous_Day_Return<0.185,VWAP_Distance,>,-0.2523,VWAP_Distance>-0.2523,0.185,0.222,0.118,0.017,-0.086,0.177,0.158,-10.99,29,4.2,62.07,0.185
2,VWAP_Distance + Previous_Day_Return + Gap,60 Min,10,Previous_Day_Return<0.185,VWAP_Distance,>,-0.2064,VWAP_Distance>-0.2064,0.189,0.225,0.118,0.016,-0.092,0.177,0.16,-9.77,27,4.19,62.96,0.189
2,VWAP_Distance + Previous_Day_Return + Gap,60 Min,10,Previous_Day_Return<0.185,VWAP_Distance,>,-0.1678,VWAP_Distance>-0.1678,0.189,0.225,0.13,0.024,-0.091,0.177,0.163,-7.78,27,4.4,62.96,0.189
2,VWAP_Distance + Previous_Day_Return + Gap,60 Min,10,Previous_Day_Return<0.185,VWAP_Distance,>,-0.13,VWAP_Distance>-0.13,0.213,0.239,0.136,0.031,-0.083,0.177,0.178,0.66,25,4.33,68.0,0.213
2,VWAP_Distance + Previous_Day_Return + Gap,60 Min,10,Previous_Day_Return<0.185,VWAP_Distance,>,-0.0972,VWAP_Distance>-0.0972,0.192,0.213,0.119,0.027,-0.089,0.177,0.159,-10.12,24,4.5,66.67,0.192
2,VWAP_Distance + Previous_Day_Return + Gap,60 Min,10,Previous_Day_Return<0.185,VWAP_Distance,>,-0.0635,VWAP_Distance>-0.0635,0.102,0.17,0.1,0.025,-0.091,0.177,0.111,-37.55,22,4.49,63.64,0.102
2,VWAP_Distance + Previous_Day_Return + Gap,60 Min,10,Previous_Day_Return<0.185,VWAP_Distance,>,-0.0274,VWAP_Distance>-0.0274,0.101,0.173,0.095,0.019,-0.09,0.177,0.109,-38.36,20,4.66,65.0,0.101
2,VWAP_Distance + Previous_Day_Return + Gap,60 Min,10,Previous_Day_Return<0.185,VWAP_Distance,<,0.1241,VWAP_Distance<0.1241,0.238,0.232,0.109,0.011,-0.071,0.177,0.176,-0.41,21,3.55,61.9,0.238
2,VWAP_Distance + Previous_Day_Return + Gap,60 Min,10,Previous_Day_Return<0.185,VWAP_Distance,<,0.1664,VWAP_Distance<0.1664,0.227,0.225,0.099,-0.003,-0.095,0.177,0.167,-5.88,22,3.5,63.64,0.227
2,VWAP_Distance + Previous_Day_Return + Gap,60 Min,10,Previous_Day_Return<0.185,VWAP_Distance,<,0.216,VWAP_Distance<0.216,0.202,0.193,0.086,-0.005,-0.09,0.177,0.145,-17.99,25,3.68,60.0,0.202
2,VWAP_Distance + Previous_Day_Return + Gap,60 Min,10,Previous_Day_Return<0.185,VWAP_Distance,<,0.2731,VWAP_Distance<0.2731,0.17,0.136,0.048,-0.017,-0.086,0.177,0.107,-39.54,26,3.62,57.69,0.17
2,VWAP_Distance + Previous_Day_Return + Gap,60 Min,10,Previous_Day_Return<0.185,VWAP_Distance,<,0.3524,VWAP_Distance<0.3524,0.21,0.146,0.041,-0.016,-0.09,0.177,0.123,-30.48,28,3.68,60.71,0.21
2,VWAP_Distance + Previous_Day_Return + Gap,60 Min,10,Previous_Day_Return<0.185,VWAP_Distance,<,0.4995,VWAP_Distance<0.4995,0.215,0.139,0.049,-0.012,-0.074,0.177,0.125,-29.46,30,3.71,63.33,0.215
2,VWAP_Distance + Previous_Day_Return + Gap,60 Min,10,Previous_Day_Return<0.185,Gap,>,-1.0075,Gap>-1.0075,0.231,0.234,0.125,0.025,-0.078,0.177,0.18,1.56,30,3.75,63.33,0.231
2,VWAP_Distance + Previous_Day_Return + Gap,60 Min,10,Previous_Day_Return<0.185,Gap,>,-0.5715,Gap>-0.5715,0.231,0.208,0.109,0.021,-0.066,0.177,0.168,-4.96,30,4.02,63.33,0.231
2,VWAP_Distance + Previous_Day_Return + Gap,60 Min,10,Previous_Day_Return<0.185,Gap,>,-0.3735,Gap>-0.3735,0.237,0.211,0.111,0.021,-0.072,0.177,0.171,-3.14,29,4.15,62.07,0.237
2,VWAP_Distance + Previous_Day_Return + Gap,60 Min,10,Previous_Day_Return<0.185,Gap,>,-0.2424,Gap>-0.2424,0.254,0.237,0.12,0.026,-0.072,0.177,0.188,6.13,27,4.08,62.96,0.254
2,VWAP_Distance + Previous_Day_Return + Gap,60 Min,10,Previous_Day_Return<0.185,Gap,>,-0.1436,Gap>-0.1436,0.254,0.218,0.099,0.016,-0.092,0.177,0.176,-0.42,27,4.39,62.96,0.254
2,VWAP_Distance + Previous_Day_Return + Gap,60 Min,10,Previous_Day_Return<0.185,Gap,>,-0.0708,Gap>-0.0708,0.238,0.211,0.093,0.019,-0.097,0.177,0.168,-5.17,25,4.33,60.0,0.238
2,VWAP_Distance + Previous_Day_Return + Gap,60 Min,10,Previous_Day_Return<0.185,Gap,>,-0.0137,Gap>-0.0137,0.238,0.236,0.11,0.027,-0.095,0.177,0.18,1.7,25,4.6,60.0,0.238
2,VWAP_Distance + Previous_Day_Return + Gap,60 Min,10,Previous_Day_Return<0.185,Gap,>,0.0052,Gap>0.0052,0.246,0.233,0.099,0.026,-0.089,0.177,0.18,1.53,23,4.62,60.87,0.246
2,VWAP_Distance + Previous_Day_Return + Gap,60 Min,10,Previous_Day_Return<0.185,Gap,>,0.0543,Gap>0.0543,0.246,0.181,0.055,0.0,-0.112,0.177,0.151,-14.46,23,4.97,60.87,0.246
2,VWAP_Distance + Previous_Day_Return + Gap,60 Min,10,Previous_Day_Return<0.185,Gap,<,0.5189,Gap<0.5189,0.135,0.209,0.1,-0.0,-0.091,0.177,0.13,-26.68,21,3.3,66.67,0.135
2,VWAP_Distance + Previous_Day_Return + Gap,60 Min,10,Previous_Day_Return<0.185,Gap,<,0.6289,Gap<0.6289,0.261,0.255,0.122,0.012,-0.087,0.177,0.194,9.49,25,3.69,68.0,0.261
2,VWAP_Distance + Previous_Day_Return + Gap,60 Min,10,Previous_Day_Return<0.185,Gap,<,0.7939,Gap<0.7939,0.213,0.193,0.09,0.005,-0.093,0.177,0.151,-14.62,29,3.97,65.52,0.213
2,VWAP_Distance + Previous_Day_Return + Gap,60 Min,10,Previous_Day_Return<0.185,Gap,<,1.166,Gap<1.166,0.213,0.209,0.102,0.013,-0.091,0.177,0.159,-10.0,29,3.68,65.52,0.213
3,VWAP_Distance + Previous_Day_Return + Gap,60 Min,10,Previous_Day_Return<0.185 AND Gap<0.6289,VWAP_Distance,>,-0.5258,VWAP_Distance>-0.5258,0.261,0.26,0.123,0.012,-0.087,0.194,0.196,0.85,25,3.78,68.0,0.261
3,VWAP_Distance + Previous_Day_Return + Gap,60 Min,10,Previous_Day_Return<0.185 AND Gap<0.6289,VWAP_Distance,>,-0.386,VWAP_Distance>-0.386,0.261,0.26,0.123,0.012,-0.085,0.194,0.196,0.85,25,3.99,68.0,0.261
3,VWAP_Distance + Previous_Day_Return + Gap,60 Min,10,Previous_Day_Return<0.185 AND Gap<0.6289,VWAP_Distance,>,-0.3068,VWAP_Distance>-0.3068,0.261,0.274,0.147,0.025,-0.086,0.194,0.207,6.47,25,4.19,68.0,0.261
3,VWAP_Distance + Previous_Day_Return + Gap,60 Min,10,Previous_Day_Return<0.185 AND Gap<0.6289,VWAP_Distance,>,-0.2523,VWAP_Distance>-0.2523,0.203,0.241,0.126,0.01,-0.1,0.194,0.17,-12.25,24,4.28,66.67,0.203
3,VWAP_Distance + Previous_Day_Return + Gap,60 Min,10,Previous_Day_Return<0.185 AND Gap<0.6289,VWAP_Distance,>,-0.2064,VWAP_Distance>-0.2064,0.209,0.247,0.126,0.009,-0.107,0.194,0.174,-10.43,22,4.2,68.18,0.209
3,VWAP_Distance + Previous_Day_Return + Gap,60 Min,10,Previous_Day_Return<0.185 AND Gap<0.6289,VWAP_Distance,>,-0.1678,VWAP_Distance>-0.1678,0.209,0.247,0.141,0.013,-0.103,0.194,0.177,-8.57,22,4.41,68.18,0.209
3,VWAP_Distance + Previous_Day_Return + Gap,60 Min,10,Previous_Day_Return<0.185 AND Gap<0.6289,VWAP_Distance,>,-0.13,VWAP_Distance>-0.13,0.242,0.266,0.149,0.02,-0.097,0.194,0.197,1.62,20,4.28,75.0,0.242
3,VWAP_Distance + Previous_Day_Return + Gap,60 Min,10,Previous_Day_Return<0.185 AND Gap<0.6289,VWAP_Distance,<,0.216,VWAP_Distance<0.216,0.278,0.229,0.069,-0.007,-0.08,0.194,0.179,-7.76,20,3.63,65.0,0.278
3,VWAP_Distance + Previous_Day_Return + Gap,60 Min,10,Previous_Day_Return<0.185 AND Gap<0.6289,VWAP_Distance,<,0.2731,VWAP_Distance<0.2731,0.234,0.191,0.044,-0.015,-0.075,0.194,0.146,-24.8,21,3.6,61.9,0.235
3,VWAP_Distance + Previous_Day_Return + Gap,60 Min,10,Previous_Day_Return<0.185 AND Gap<0.6289,VWAP_Distance,<,0.3524,VWAP_Distance<0.3524,0.243,0.176,0.03,-0.028,-0.094,0.194,0.14,-28.01,22,3.58,63.64,0.243
3,VWAP_Distance + Previous_Day_Return + Gap,60 Min,10,Previous_Day_Return<0.185 AND Gap<0.6289,VWAP_Distance,<,0.4995,VWAP_Distance<0.4995,0.247,0.162,0.041,-0.022,-0.074,0.194,0.14,-27.88,24,3.67,66.67,0.247
